# Repeated no-password two-player learning attempt. Reaching Level 10 is a goal, not a pass condition.
0,0,0
600,8,0
602,0,0
800,4,0
802,0,0
900,8,0
902,0,0
1420,130,66
1432,128,64
1444,130,66
1456,2,2
1468,66,130
1480,64,128
1492,66,130
1504,2,2
1516,130,66
1528,128,64
1540,130,66
1552,2,2
1564,66,130
1576,64,128
1588,66,130
1600,2,2
1612,130,66
1624,128,64
1636,130,66
1648,2,2
1660,66,130
1672,64,128
1684,66,130
1696,2,2
1708,130,66
1720,128,64
1732,130,66
1744,2,2
1756,66,130
1768,64,128
1780,66,130
1792,2,2
1804,130,66
1816,128,64
1828,130,66
1840,2,2
1852,66,130
1864,64,128
1876,66,130
1888,2,2
1900,130,66
1912,128,64
1924,130,66
1936,2,2
1948,66,130
1960,64,128
1972,66,130
1984,2,2
1996,130,66
2008,128,64
2020,130,66
2032,2,2
2044,66,130
2056,64,128
2068,66,130
2080,2,2
2092,130,66
2104,128,64
2116,130,66
2128,2,2
2140,66,130
2152,64,128
2164,66,130
2176,2,2
2188,130,66
2200,128,64
2212,130,66
2224,2,2
2236,66,130
2248,64,128
2260,66,130
2272,2,2
2284,130,66
2296,128,64
2308,130,66
2320,2,2
2332,66,130
2344,64,128
2356,66,130
2368,2,2
2380,130,66
2392,128,64
2404,130,66
2416,2,2
2428,66,130
2440,64,128
2452,66,130
2464,2,2
2476,130,66
2488,128,64
2500,130,66
2512,2,2
2524,66,130
2536,64,128
2548,66,130
2560,2,2
2572,130,66
2584,128,64
2596,130,66
2608,2,2
2620,66,130
2632,64,128
2644,66,130
2656,2,2
2668,130,66
2680,128,64
2692,130,66
2704,2,2
2716,66,130
2728,64,128
2740,66,130
2752,2,2
2764,130,66
2776,128,64
2788,130,66
2800,2,2
2812,66,130
2824,64,128
2836,66,130
2848,2,2
2860,130,66
2872,128,64
2884,130,66
2896,2,2
2908,66,130
2920,64,128
2932,66,130
2944,2,2
2956,130,66
2968,128,64
2980,130,66
2992,2,2
3004,66,130
3016,64,128
3028,66,130
3040,2,2
3052,130,66
3064,128,64
3076,130,66
3088,2,2
3100,66,130
3112,64,128
3124,66,130
3136,2,2
3148,130,66
3160,128,64
3172,130,66
3184,2,2
3196,66,130
3208,64,128
3220,66,130
3232,2,2
3244,130,66
3256,128,64
3268,130,66
3280,2,2
3292,66,130
3304,64,128
3316,66,130
3328,2,2
3340,130,66
3352,128,64
3364,130,66
3376,2,2
3388,66,130
3400,64,128
3412,66,130
3424,2,2
3436,130,66
3448,128,64
3460,130,66
3472,2,2
3484,66,130
3496,64,128
3508,66,130
3520,2,2
3532,130,66
3544,128,64
3556,130,66
3568,2,2
3580,66,130
3592,64,128
3604,66,130
3616,2,2
3628,130,66
3640,128,64
3652,130,66
3664,2,2
3676,66,130
3688,64,128
3700,66,130
3712,2,2
3724,130,66
3736,128,64
3748,130,66
3760,2,2
3772,66,130
3784,64,128
3796,66,130
3808,2,2
3820,130,66
3832,128,64
3844,130,66
3856,2,2
3868,66,130
3880,64,128
3892,66,130
3904,2,2
3916,130,66
3928,128,64
3940,130,66
3952,2,2
3964,66,130
3976,64,128
3988,66,130
4000,2,2
4012,130,66
4024,128,64
4036,130,66
4048,2,2
4060,66,130
4072,64,128
4084,66,130
4096,2,2
4108,130,66
4120,128,64
4132,130,66
4144,2,2
4156,66,130
4168,64,128
4180,66,130
4192,2,2
4204,130,66
4216,128,64
4228,130,66
4240,2,2
4252,66,130
4264,64,128
4276,66,130
4288,2,2
4300,130,66
4312,128,64
4324,130,66
4336,2,2
4348,66,130
4360,64,128
4372,66,130
4384,2,2
4396,130,66
4408,128,64
4420,130,66
4432,2,2
4444,66,130
4456,64,128
4468,66,130
4480,2,2
4492,130,66
4504,128,64
4516,130,66
4528,2,2
4540,66,130
4552,64,128
4564,66,130
4576,2,2
4588,130,66
4600,128,64
4612,130,66
4624,2,2
4636,66,130
4648,64,128
4660,66,130
4672,2,2
4684,130,66
4696,128,64
4708,130,66
4720,2,2
4732,66,130
4744,64,128
4756,66,130
4768,2,2
4780,130,66
4792,128,64
4804,130,66
4816,2,2
4828,66,130
4840,64,128
4852,66,130
4864,2,2
4876,130,66
4888,128,64
4900,130,66
4912,2,2
4924,66,130
4936,64,128
4948,66,130
4960,2,2
4972,130,66
4984,128,64
4996,130,66
5008,2,2
5020,66,130
5032,64,128
5044,66,130
5056,2,2
5068,130,66
5080,128,64
5092,130,66
5104,2,2
5116,66,130
5128,64,128
5140,66,130
5152,2,2
5164,130,66
5176,128,64
5188,130,66
5200,2,2
5212,66,130
5224,64,128
5236,66,130
5248,2,2
5260,130,66
5272,128,64
5284,130,66
5296,2,2
5308,66,130
5320,64,128
5332,66,130
5344,2,2
5356,130,66
5368,128,64
5380,130,66
5392,2,2
5404,66,130
5416,64,128
5428,66,130
5440,2,2
5452,130,66
5464,128,64
5476,130,66
5488,2,2
5500,66,130
5512,64,128
5524,66,130
5536,2,2
5548,130,66
5560,128,64
5572,130,66
5584,2,2
5596,66,130
5608,64,128
5620,66,130
5632,2,2
5644,130,66
5656,128,64
5668,130,66
5680,2,2
5692,66,130
5704,64,128
5716,66,130
5728,2,2
5740,130,66
5752,128,64
5764,130,66
5776,2,2
5788,66,130
5800,64,128
5812,66,130
5824,2,2
5836,130,66
5848,128,64
5860,130,66
5872,2,2
5884,66,130
5896,64,128
5908,66,130
5920,2,2
5932,130,66
5944,128,64
5956,130,66
5968,2,2
5980,66,130
5992,64,128
6004,66,130
6016,2,2
6028,130,66
6040,128,64
6052,130,66
6064,2,2
6076,66,130
6088,64,128
6100,66,130
6112,2,2
6124,130,66
6136,128,64
6148,130,66
6160,2,2
6172,66,130
6184,64,128
6196,66,130
6208,2,2
6220,130,66
6232,128,64
6244,130,66
6256,2,2
6268,66,130
6280,64,128
6292,66,130
6304,2,2
6316,130,66
6328,128,64
6340,130,66
6352,2,2
6364,66,130
6376,64,128
6388,66,130
6400,2,2
6412,130,66
6424,128,64
6436,130,66
6448,2,2
6460,66,130
6472,64,128
6484,66,130
6496,2,2
6508,130,66
6520,128,64
6532,130,66
6544,2,2
6556,66,130
6568,64,128
6580,66,130
6592,2,2
6604,130,66
6616,128,64
6628,130,66
6640,2,2
6652,66,130
6664,64,128
6676,66,130
6688,2,2
6700,130,66
6712,128,64
6724,130,66
6736,2,2
6748,66,130
6760,64,128
6772,66,130
6784,2,2
6796,130,66
6808,128,64
6820,130,66
6832,2,2
6844,66,130
6856,64,128
6868,66,130
6880,2,2
6892,130,66
6904,128,64
6916,130,66
6928,2,2
6940,66,130
6952,64,128
6964,66,130
6976,2,2
6988,130,66
7000,128,64
7012,130,66
7024,2,2
7036,66,130
7048,64,128
7060,66,130
7072,2,2
7084,130,66
7096,128,64
7108,130,66
7120,2,2
7132,66,130
7144,64,128
7156,66,130
7168,2,2
7180,130,66
7192,128,64
7204,130,66
7216,2,2
7228,66,130
7240,64,128
7252,66,130
7264,2,2
7276,130,66
7288,128,64
7300,130,66
7312,2,2
7324,66,130
7336,64,128
7348,66,130
7360,2,2
7372,130,66
7384,128,64
7396,130,66
7408,2,2
7420,66,130
7432,64,128
7444,66,130
7456,2,2
7468,130,66
7480,128,64
7492,130,66
7504,2,2
7516,66,130
7528,64,128
7540,66,130
7552,2,2
7564,130,66
7576,128,64
7588,130,66
7600,2,2
7612,66,130
7624,64,128
7636,66,130
7648,2,2
7660,130,66
7672,128,64
7684,130,66
7696,2,2
7708,66,130
7720,64,128
7732,66,130
7744,2,2
7756,130,66
7768,128,64
7780,130,66
7792,2,2
7804,66,130
7816,64,128
7828,66,130
7840,2,2
7852,130,66
7864,128,64
7876,130,66
7888,2,2
7900,66,130
7912,64,128
7924,66,130
7936,2,2
7948,130,66
7960,128,64
7972,130,66
7984,2,2
7996,66,130
8008,64,128
8020,66,130
8032,2,2
8044,130,66
8056,128,64
8068,130,66
8080,2,2
8092,66,130
8104,64,128
8116,66,130
8128,2,2
8140,130,66
8152,128,64
8164,130,66
8176,2,2
8188,66,130
8200,64,128
8212,66,130
8224,2,2
8236,130,66
8248,128,64
8260,130,66
8272,2,2
8284,66,130
8296,64,128
8308,66,130
8320,2,2
8332,130,66
8344,128,64
8356,130,66
8368,2,2
8380,66,130
8392,64,128
8404,66,130
8416,2,2
8428,130,66
8440,128,64
8452,130,66
8464,2,2
8476,66,130
8488,64,128
8500,66,130
8512,2,2
8524,130,66
8536,128,64
8548,130,66
8560,2,2
8572,66,130
8584,64,128
8596,66,130
8608,2,2
8620,130,66
8632,128,64
8644,130,66
8656,2,2
8668,66,130
8680,64,128
8692,66,130
8704,2,2
8716,130,66
8728,128,64
8740,130,66
8752,2,2
8764,66,130
8776,64,128
8788,66,130
8800,2,2
8812,130,66
8824,128,64
8836,130,66
8848,2,2
8860,66,130
8872,64,128
8884,66,130
8896,2,2
8908,130,66
8920,128,64
8932,130,66
8944,2,2
8956,66,130
8968,64,128
8980,66,130
8992,2,2
9004,130,66
9016,128,64
9028,130,66
9040,2,2
9052,66,130
9064,64,128
9076,66,130
9088,2,2
9100,130,66
9112,128,64
9124,130,66
9136,2,2
9148,66,130
9160,64,128
9172,66,130
9184,2,2
9196,130,66
9208,128,64
9220,130,66
9232,2,2
9244,66,130
9256,64,128
9268,66,130
9280,2,2
9292,130,66
9304,128,64
9316,130,66
9328,2,2
9340,66,130
9352,64,128
9364,66,130
9376,2,2
9388,130,66
9400,128,64
9412,130,66
9424,2,2
9436,66,130
9448,64,128
9460,66,130
9472,2,2
9484,130,66
9496,128,64
9508,130,66
9520,2,2
9532,66,130
9544,64,128
9556,66,130
9568,2,2
9580,130,66
9592,128,64
9604,130,66
9616,2,2
9628,66,130
9640,64,128
9652,66,130
9664,2,2
9676,130,66
9688,128,64
9700,130,66
9712,2,2
9724,66,130
9736,64,128
9748,66,130
9760,2,2
9772,130,66
9784,128,64
9796,130,66
9808,2,2
9820,66,130
9832,64,128
9844,66,130
9856,2,2
9868,130,66
9880,128,64
9892,130,66
9904,2,2
9916,66,130
9928,64,128
9940,66,130
9952,2,2
9964,130,66
9976,128,64
9988,130,66
10000,2,2
10012,66,130
10024,64,128
10036,66,130
10048,2,2
10060,130,66
10072,128,64
10084,130,66
10096,2,2
10108,66,130
10120,64,128
10132,66,130
10144,2,2
10156,130,66
10168,128,64
10180,130,66
10192,2,2
10204,66,130
10216,64,128
10228,66,130
10240,2,2
10252,130,66
10264,128,64
10276,130,66
10288,2,2
10300,66,130
10312,64,128
10324,66,130
10336,2,2
10348,130,66
10360,128,64
10372,130,66
10384,2,2
10396,66,130
10408,64,128
10420,66,130
10432,2,2
10444,130,66
10456,128,64
10468,130,66
10480,2,2
10492,66,130
10504,64,128
10516,66,130
10528,2,2
10540,130,66
10552,128,64
10564,130,66
10576,2,2
10588,66,130
10600,64,128
10612,66,130
10624,2,2
10636,130,66
10648,128,64
10660,130,66
10672,2,2
10684,66,130
10696,64,128
10708,66,130
10720,2,2
10732,130,66
10744,128,64
10756,130,66
10768,2,2
10780,66,130
10792,64,128
10804,66,130
10816,2,2
10828,130,66
10840,128,64
10852,130,66
10864,2,2
10876,66,130
10888,64,128
10900,66,130
10912,2,2
10924,130,66
10936,128,64
10948,130,66
10960,2,2
10972,66,130
10984,64,128
10996,66,130
11008,2,2
11020,130,66
11032,128,64
11044,130,66
11056,2,2
11068,66,130
11080,64,128
11092,66,130
11104,2,2
11116,130,66
11128,128,64
11140,130,66
11152,2,2
11164,66,130
11176,64,128
11188,66,130
11200,2,2
11212,130,66
11224,128,64
11236,130,66
11248,2,2
11260,66,130
11272,64,128
11284,66,130
11296,2,2
11308,130,66
11320,128,64
11332,130,66
11344,2,2
11356,66,130
11368,64,128
11380,66,130
11392,2,2
11404,130,66
11416,128,64
11428,130,66
11440,2,2
11452,66,130
11464,64,128
11476,66,130
11488,2,2
11500,130,66
11512,128,64
11524,130,66
11536,2,2
11548,66,130
11560,64,128
11572,66,130
11584,2,2
11596,130,66
11608,128,64
11620,130,66
11632,2,2
11644,66,130
11656,64,128
11668,66,130
11680,2,2
11692,130,66
11704,128,64
11716,130,66
11728,2,2
11740,66,130
11752,64,128
11764,66,130
11776,2,2
11788,130,66
11800,128,64
11812,130,66
11824,2,2
11836,66,130
11848,64,128
11860,66,130
11872,2,2
11884,130,66
11896,128,64
11908,130,66
11920,2,2
11932,66,130
11944,64,128
11956,66,130
11968,2,2
11980,130,66
11992,128,64
12004,130,66
12016,2,2
12028,66,130
12040,64,128
12052,66,130
12064,2,2
12076,130,66
12088,128,64
12100,130,66
12112,2,2
12124,66,130
12136,64,128
12148,66,130
12160,2,2
12172,130,66
12184,128,64
12196,130,66
12208,2,2
12220,66,130
12232,64,128
12244,66,130
12256,2,2
12268,130,66
12280,128,64
12292,130,66
12304,2,2
12316,66,130
12328,64,128
12340,66,130
12352,2,2
12364,130,66
12376,128,64
12388,130,66
12400,2,2
12412,66,130
12424,64,128
12436,66,130
12448,2,2
12460,130,66
12472,128,64
12484,130,66
12496,2,2
12508,66,130
12520,64,128
12532,66,130
12544,2,2
12556,130,66
12568,128,64
12580,130,66
12592,2,2
12604,66,130
12616,64,128
12628,66,130
12640,2,2
12652,130,66
12664,128,64
12676,130,66
12688,2,2
12700,66,130
12712,64,128
12724,66,130
12736,2,2
12748,130,66
12760,128,64
12772,130,66
12784,2,2
12796,66,130
12808,64,128
12820,66,130
12832,2,2
12844,130,66
12856,128,64
12868,130,66
12880,2,2
12892,66,130
12904,64,128
12916,66,130
12928,2,2
12940,130,66
12952,128,64
12964,130,66
12976,2,2
12988,66,130
13000,64,128
13012,66,130
13024,2,2
13036,130,66
13048,128,64
13060,130,66
13072,2,2
13084,66,130
13096,64,128
13108,66,130
13120,2,2
13132,130,66
13144,128,64
13156,130,66
13168,2,2
13180,66,130
13192,64,128
13198,0,64
13202,0,66
13206,0,2
13210,0,130
13214,0,128
13218,0,130
13222,0,2
13226,0,66
13230,0,64
13234,0,66
13238,0,2
13242,0,130
13246,0,128
13250,0,130
13254,0,2
13258,0,66
13262,0,64
13266,0,66
13270,0,2
13274,0,130
13278,0,128
13282,0,130
13286,0,2
13290,0,66
13294,0,64
13298,0,66
13302,0,2
13306,0,130
13310,0,128
13314,0,130
13318,0,2
13322,0,66
13326,0,64
13330,0,66
13334,0,2
13338,0,130
13342,0,128
13346,0,130
13350,0,2
13354,0,66
13358,0,64
13362,0,66
13366,0,2
13370,0,130
13374,0,128
13378,0,130
13382,0,2
13386,0,66
13390,0,64
13394,0,66
13398,0,2
13402,0,130
13406,0,128
13410,0,130
13414,0,2
13418,0,66
13422,0,64
13426,0,66
13430,0,2
13434,0,130
13438,0,128
13442,0,130
13446,0,2
13450,0,66
13454,0,64
13458,0,66
13462,0,2
13466,0,130
13470,0,128
13474,0,130
13478,0,2
13482,0,66
13486,0,64
13490,0,66
13494,0,2
13498,0,130
13502,0,128
13506,0,130
13510,0,2
13514,0,66
13518,0,64
13522,0,66
13526,0,2
13530,0,130
13534,0,128
13538,0,130
13542,0,2
13546,0,66
13550,0,64
13554,0,66
13558,0,2
13562,0,130
13566,0,128
13570,0,130
13574,0,2
13578,0,66
13582,0,64
13586,0,66
13590,0,2
13594,0,130
13598,0,128
13602,0,130
13606,0,2
13610,0,66
13614,0,64
13618,0,66
13622,0,2
13626,0,130
13630,0,128
13634,0,130
13638,0,2
13642,0,66
13646,0,64
13650,0,66
13654,0,2
13658,0,130
13662,0,128
13666,0,130
13670,0,2
13674,0,66
13678,0,64
13682,0,66
13686,0,2
13690,0,130
13694,0,128
13698,0,130
13702,0,2
13706,0,66
13710,0,64
13714,0,66
13718,0,2
13722,0,130
13726,0,128
13730,0,130
13734,0,2
13738,0,66
13742,0,64
13746,0,66
13750,0,2
13754,0,130
13758,0,128
13762,0,130
13766,0,2
13770,0,66
13774,0,64
13778,0,66
13782,0,2
13786,0,130
13790,0,128
13794,0,130
13798,0,2
13802,0,66
13806,0,64
13810,0,66
13814,0,2
13818,0,130
13822,0,128
13826,0,130
13830,0,2
13834,0,66
13838,0,64
13842,0,66
13846,0,2
13850,0,130
13854,0,128
13858,0,130
13862,0,2
13866,0,66
13870,0,64
13874,0,66
13878,0,2
13882,0,130
13886,0,128
13890,0,130
13894,0,2
13898,0,66
13902,0,64
13906,0,66
13910,0,2
13914,0,130
13918,0,128
13922,0,130
13926,0,2
13930,0,66
13934,0,64
13938,0,66
13942,0,2
13946,0,130
13950,0,128
13954,0,130
13958,0,2
13962,0,66
13966,0,64
13970,0,66
13974,0,2
13978,0,130
13982,0,128
13986,0,130
13990,0,2
13994,0,66
13998,0,64
14002,0,66
14006,0,2
14010,0,130
14014,0,128
14018,0,130
14022,0,2
14026,0,66
14030,0,64
14034,0,66
14038,0,2
14042,0,130
14046,0,128
14050,0,130
14054,0,2
14058,0,66
14062,0,64
14066,0,66
14070,0,2
14074,0,130
14078,0,128
14082,0,130
14086,0,2
14090,0,66
14094,0,64
14098,0,66
14102,0,2
14106,0,130
14110,0,128
14114,0,130
14118,0,2
14122,0,66
14126,0,64
14130,0,66
14134,0,2
14138,0,130
14142,0,128
14146,0,130
14150,0,2
14154,0,66
14158,0,64
14162,0,66
14166,0,2
14170,0,130
14174,0,128
14178,0,130
14182,0,2
14186,0,66
14190,0,64
14194,0,66
14198,0,2
14202,0,130
14206,0,128
14210,0,130
14214,0,2
14218,0,66
14222,0,64
14226,0,66
14230,0,2
14234,0,130
14238,0,128
14242,0,130
14246,0,2
14250,0,66
14254,0,64
14258,0,66
14262,0,2
14266,0,130
14270,0,128
14274,0,130
14278,0,2
14282,0,66
14286,0,64
14290,0,66
14294,0,2
14298,0,130
14302,0,128
14306,0,130
14310,0,2
14314,0,66
14318,0,64
14322,0,66
14326,0,2
14330,0,130
14334,0,128
14338,0,130
14342,0,2
14346,0,66
14350,0,64
14354,0,66
14358,0,2
14362,0,130
14366,0,128
14370,0,130
14374,0,2
14378,0,66
14382,0,64
14386,0,66
14390,0,2
14394,0,130
14398,0,128
14402,0,130
14406,0,2
14410,0,66
14414,0,64
14418,0,66
14422,0,2
14426,0,130
14430,0,128
14434,0,130
14438,0,2
14442,0,66
14446,0,64
14450,0,66
14454,0,2
14458,0,130
14462,0,128
14466,0,130
14470,0,2
14474,0,66
14478,0,64
14482,0,66
14486,0,2
14490,0,130
14494,0,128
14498,0,130
14502,0,2
14506,0,66
14510,0,64
14514,0,66
14518,0,2
14522,0,130
14526,0,128
14530,0,130
14534,0,2
14538,0,66
14542,0,64
14546,0,66
14550,0,2
14554,0,130
14558,0,128
14562,0,130
14566,0,2
14570,0,66
14574,0,64
14578,0,66
14582,0,2
14586,0,130
14590,0,128
14594,0,130
14598,0,2
14602,0,66
14606,0,64
14610,0,66
14614,0,2
14618,0,130
14622,0,128
14626,0,130
14630,0,2
14634,0,66
14638,0,64
14642,0,66
14646,0,2
14650,0,130
14654,0,128
14658,0,130
14662,0,2
14666,0,66
14670,0,64
14674,0,66
14678,0,2
14682,0,130
14686,0,128
14690,0,130
14694,0,2
14698,0,66
14702,0,64
14706,0,66
14710,0,2
14714,0,130
14718,0,128
14722,0,130
14726,0,2
14730,0,66
14734,0,64
14738,0,66
14742,0,2
14746,0,130
14750,0,128
14754,0,130
14758,0,2
14762,0,66
14766,0,64
14770,0,66
14774,0,2
14778,0,130
14782,0,128
14786,0,130
14790,0,2
14794,0,66
14798,0,64
14802,0,66
14806,0,2
14810,0,130
14814,0,128
14818,0,130
14822,0,2
14826,0,66
14830,0,64
14834,0,66
14838,0,2
14842,0,130
14846,0,128
14850,0,130
14854,0,2
14858,0,66
14862,0,64
14866,0,66
14870,0,2
14874,0,130
14878,0,128
14882,0,130
14886,0,2
14890,0,66
14894,0,64
14898,0,66
14902,0,2
14906,0,130
14910,0,128
14914,0,130
14918,0,2
14922,0,66
14926,0,64
14930,0,66
14934,0,2
14938,0,130
14942,0,128
14946,0,130
14950,0,2
14954,0,66
14958,0,64
14962,0,66
14966,0,2
14970,0,130
14974,0,128
14978,0,130
14982,0,2
14986,0,66
14990,0,64
14994,0,66
14998,0,2
15002,0,130
15006,0,128
15010,0,130
15014,0,2
15018,0,66
15022,0,64
15026,0,66
15030,0,2
15034,0,130
15038,0,128
15042,0,130
15046,0,2
15050,0,66
15054,0,64
15058,0,66
15062,0,2
15066,0,130
15070,0,128
15074,0,130
15078,0,2
15082,0,66
15086,0,64
15090,0,66
15094,0,2
15098,0,130
15102,0,128
15106,0,130
15110,0,2
15114,0,66
15118,0,64
15122,0,66
15126,0,2
15130,0,130
15134,0,128
15138,0,130
15142,0,2
15146,0,66
15150,0,64
15154,0,66
15158,0,2
15162,0,130
15166,0,128
15170,0,130
15174,0,2
15178,0,66
15182,0,64
15186,0,66
15190,0,2
15194,0,130
15198,0,128
15202,0,130
15206,0,2
15210,0,66
15214,0,64
15218,0,66
15222,0,2
15226,0,130
15230,0,128
15234,0,130
15238,0,2
15242,0,66
15246,0,64
15250,0,66
15254,0,2
15258,0,130
15262,0,128
15266,0,130
15270,0,2
15274,0,66
15278,0,64
15282,0,66
15286,0,2
15290,0,130
15294,0,128
15298,0,130
15302,0,2
15306,0,66
15310,0,64
15314,0,66
15318,0,2
15322,0,130
15326,0,128
15330,0,130
15334,0,2
15338,0,66
15342,0,64
15346,0,66
15350,0,2
15354,0,130
15358,0,128
15362,0,130
15366,0,2
15370,0,66
15374,0,64
15378,0,66
15382,0,2
15386,0,130
15390,0,128
15394,0,130
15398,0,2
15402,0,66
15406,0,64
15410,0,66
15414,0,2
15418,0,130
15422,0,128
15426,0,130
15430,0,2
15434,0,66
15438,0,64
15442,0,66
15446,0,2
15450,0,130
15454,0,128
15458,0,130
15462,0,2
15466,0,66
15470,0,64
15474,0,66
15478,0,2
15482,0,130
15486,0,128
15490,0,130
15494,0,2
15498,0,66
15502,0,64
15506,0,66
15510,0,2
15514,0,130
15518,0,128
15522,0,130
15526,0,2
15530,0,66
15534,0,64
15538,0,66
15542,0,2
15546,0,130
15550,0,128
15554,0,130
15558,0,2
15562,0,66
15566,0,64
15570,0,66
15574,0,2
15578,0,130
15582,0,128
15586,0,130
15590,0,2
15594,0,66
15598,0,64
15602,0,66
15606,0,2
15610,0,130
15614,0,128
15618,0,130
15622,0,2
15626,0,66
15630,0,64
15634,0,66
15638,0,2
15642,0,130
15646,0,128
15650,0,130
15654,0,2
15658,0,66
15662,0,64
15666,0,66
15670,0,2
15674,0,130
15678,0,128
15682,0,130
15686,0,2
15690,0,66
15694,0,64
15698,0,66
15702,0,2
15706,0,130
15710,0,128
15714,0,130
15718,0,2
15722,0,66
15726,0,64
15730,0,66
15734,0,2
15738,0,130
15742,0,128
15746,0,130
15750,0,2
15754,0,66
15758,0,64
15762,0,66
15766,0,2
15770,0,130
15774,0,128
15778,0,130
15782,0,2
15786,0,66
15790,0,64
15794,0,66
15798,0,2
15802,0,130
15806,0,128
15810,0,130
15814,0,2
15818,0,66
15822,0,64
15826,0,66
15830,0,2
15834,0,130
15838,0,128
15842,0,130
15846,0,2
15850,0,66
15854,0,64
15858,0,66
15862,0,2
15866,0,130
15870,0,128
15874,0,130
15878,0,2
15882,0,66
15886,0,64
15890,0,66
15894,0,2
15898,0,130
15902,0,128
15906,0,130
15910,0,2
15914,0,66
15918,0,64
15922,0,66
15926,0,2
15930,0,130
15934,0,128
15938,0,130
15942,0,2
15946,0,66
15950,0,64
15954,0,66
15958,0,2
15962,0,130
15966,0,128
15970,0,130
15974,0,2
15978,0,66
15982,0,64
15986,0,66
15990,0,2
15994,0,130
15998,0,128
16002,0,130
16006,0,2
16010,0,66
16014,0,64
16018,0,66
16022,0,2
16026,0,130
16030,0,128
16034,0,130
16038,0,2
16042,0,66
16046,0,64
16050,0,66
16054,0,2
16058,0,130
16062,0,128
16066,0,130
16070,0,2
16074,0,66
16078,0,64
16082,0,66
16086,0,2
16090,0,130
16094,0,128
16098,0,130
16102,0,2
16106,0,66
16110,0,64
16114,0,66
16118,0,2
16122,0,130
16126,0,128
16130,0,130
16134,0,2
16138,0,66
16142,0,64
16146,0,66
16150,0,2
16154,0,130
16158,0,128
16162,0,130
16166,0,2
16170,0,66
16174,0,64
16178,0,66
16182,0,2
16186,0,130
16190,0,128
16194,0,130
16198,0,2
16202,0,66
16206,0,64
16210,0,66
16214,0,2
16218,0,130
16222,0,128
16226,0,130
16230,0,2
16234,0,66
16238,0,64
16242,0,66
16246,0,2
16250,0,130
16254,0,128
16258,0,130
16262,0,2
16266,0,66
16270,0,64
16274,0,66
16278,0,2
16282,0,130
16286,0,128
16290,0,130
16294,0,2
16298,0,66
16302,0,64
16306,0,66
16310,0,2
16314,0,130
16318,0,128
16322,0,130
16326,0,2
16330,0,66
16334,0,64
16338,0,66
16342,0,2
16346,0,130
16350,0,128
16354,0,130
16358,0,2
16362,0,66
16366,0,64
16370,0,66
16374,0,2
16378,0,130
16382,0,128
16386,0,130
16390,0,2
16394,0,66
16398,0,64
16402,0,66
16406,0,2
16410,0,130
16414,0,128
16418,0,130
16422,0,2
16426,0,66
16430,0,64
16434,0,66
16438,0,2
16442,0,130
16446,0,128
16450,0,130
16454,0,2
16458,0,66
16462,0,64
16466,0,66
16470,0,2
16474,0,130
16478,0,128
16482,0,130
16486,0,2
16490,0,66
16494,0,64
16498,0,66
16502,0,2
16506,0,130
16510,0,128
16514,0,130
16518,0,2
16522,0,66
16526,0,64
16530,0,66
16534,0,2
16538,0,130
16542,0,128
16546,0,130
16550,0,2
16554,0,66
16558,0,64
16562,0,66
16566,0,2
16570,0,130
16574,0,128
16578,0,130
16582,0,2
16586,0,66
16590,0,64
16594,0,66
16598,0,2
16602,0,130
16606,0,128
16610,0,130
16614,0,2
16618,0,66
16622,0,64
16626,0,66
16630,0,2
16634,0,130
16638,0,128
16642,0,130
16646,0,2
16650,0,66
16654,0,64
16658,0,66
16662,0,2
16666,0,130
16670,0,128
16674,0,130
16678,0,2
16682,0,66
16686,0,64
16690,0,66
16694,0,2
16698,0,130
16702,0,128
16706,0,130
16710,0,2
16714,0,66
16718,0,64
16722,0,66
16726,0,2
16730,0,130
16734,0,128
16738,0,130
16742,0,2
16746,0,66
16750,0,64
16754,0,66
16758,0,2
16762,0,130
16766,0,128
16770,0,130
16774,0,2
16778,0,66
16782,0,64
16786,0,66
16790,0,2
16794,0,130
16798,0,128
16802,0,130
16806,0,2
16810,0,66
16814,0,64
16818,0,66
16822,0,2
16826,0,130
16830,0,128
16834,0,130
16838,0,2
16842,0,66
16846,0,64
16850,0,66
16854,0,2
16858,0,130
16862,0,128
16866,0,130
16870,0,2
16874,0,66
16878,0,64
16882,0,66
16886,0,2
16890,0,130
16894,0,128
16898,0,130
16902,0,2
16906,0,66
16910,0,64
16914,0,66
16918,0,2
16922,0,130
16926,0,128
16930,0,130
16934,0,2
16938,0,66
16942,0,64
16946,0,66
16950,0,2
16954,0,130
16958,0,128
16962,0,130
16966,0,2
16970,0,66
16974,0,64
16978,0,66
16982,0,2
16986,0,130
16990,0,128
16994,0,130
16998,0,2
17010,130,130
17022,128,128
17034,2,2
17046,66,66
17058,64,64
17070,2,2
17082,130,130
17094,128,128
17106,2,2
17118,66,66
17130,64,64
17142,2,2
17154,130,130
17166,128,128
17178,2,2
17190,66,66
17202,64,64
17214,2,2
17226,130,130
17238,128,128
17250,2,2
17262,66,66
17274,64,64
17286,2,2
17298,130,130
17310,128,128
17322,2,2
17334,66,66
17346,64,64
17358,2,2
17370,130,130
17382,128,128
17394,2,2
17406,66,66
17418,64,64
17430,2,2
17442,130,130
17454,128,128
17466,2,2
17478,66,66
17490,64,64
17502,2,2
17514,130,130
17526,128,128
17538,2,2
17550,66,66
17562,64,64
17574,2,2
17586,130,130
17598,128,128
17610,2,2
17622,66,66
17634,64,64
17646,2,2
17658,130,130
17670,128,128
17682,2,2
17694,66,66
17706,64,64
17718,2,2
17730,130,130
17742,128,128
17754,2,2
17766,66,66
17778,64,64
17790,2,2
17802,130,130
17814,128,128
17826,2,2
17838,66,66
17850,64,64
17862,2,2
17874,130,130
17886,128,128
17898,2,2
17910,66,66
17922,64,64
17934,2,2
17946,130,130
17958,128,128
17970,2,2
17982,66,66
17994,64,64
18006,2,2
18018,130,130
18030,128,128
18042,2,2
18054,66,66
18066,64,64
18078,2,2
18090,130,130
18102,128,128
18114,2,2
18126,66,66
18138,64,64
18150,2,2
18162,130,130
18174,128,128
18186,2,2
18198,66,66
18210,64,64
18222,2,2
18234,130,130
18246,128,128
18258,2,2
18270,66,66
18282,64,64
18294,2,2
18306,130,130
18318,128,128
18330,2,2
18342,66,66
18354,64,64
18366,2,2
18378,130,130
18390,128,128
18402,2,2
18414,66,66
18426,64,64
18438,2,2
18450,130,130
18462,128,128
18474,2,2
18486,66,66
18498,64,64
18510,2,2
18522,130,130
18534,128,128
18546,2,2
18558,66,66
18570,64,64
18582,2,2
18594,130,130
18606,128,128
18618,2,2
18630,66,66
18642,64,64
18654,2,2
18666,130,130
18678,128,128
18690,2,2
18702,66,66
18714,64,64
18726,2,2
18738,130,130
18750,128,128
18762,2,2
18774,66,66
18786,64,64
18798,2,2
18810,130,130
18822,128,128
18834,2,2
18846,66,66
18858,64,64
18870,2,2
18882,130,130
18894,128,128
18906,2,2
18918,66,66
18930,64,64
18942,2,2
18954,130,130
18966,128,128
18978,2,2
18990,66,66
19002,64,64
19014,2,2
19026,130,130
19038,128,128
19050,2,2
19062,66,66
19074,64,64
19086,2,2
19098,130,130
19110,128,128
19122,2,2
19134,66,66
19146,64,64
19158,2,2
19170,130,130
19182,128,128
19194,2,2
19206,66,66
19218,64,64
19230,2,2
19242,130,130
19254,128,128
19266,2,2
19278,66,66
19290,64,64
19302,2,2
19314,130,130
19326,128,128
19338,2,2
19350,66,66
19362,64,64
19374,2,2
19386,130,130
19398,128,128
19410,2,2
19422,66,66
19434,64,64
19446,2,2
19458,130,130
19470,128,128
19482,2,2
19494,66,66
19506,64,64
19518,2,2
19530,130,130
19542,128,128
19554,2,2
19566,66,66
19578,64,64
19590,2,2
19602,130,130
19614,128,128
19626,2,2
19638,66,66
19650,64,64
19662,2,2
19674,130,130
19686,128,128
19698,2,2
19710,66,66
19722,64,64
19734,2,2
19746,130,130
19758,128,128
19770,2,2
19782,66,66
19794,64,64
19806,2,2
19818,130,130
19830,128,128
19842,2,2
19854,66,66
19866,64,64
19878,2,2
19890,130,130
19902,128,128
19914,2,2
19926,66,66
19938,64,64
19950,2,2
19962,130,130
19974,128,128
19986,2,2
19998,66,66
20010,64,64
20022,2,2
20034,130,130
20046,128,128
20058,2,2
20070,66,66
20082,64,64
20094,2,2
20106,130,130
20118,128,128
20130,2,2
20142,66,66
20154,64,64
20166,2,2
20178,130,130
20190,128,128
20202,2,2
20214,66,66
20226,64,64
20238,2,2
20250,130,130
20262,128,128
20274,2,2
20286,66,66
20298,64,64
20310,2,2
20322,130,130
20334,128,128
20346,2,2
20358,66,66
20370,64,64
20382,2,2
20394,130,130
20406,128,128
20418,2,2
20430,66,66
20442,64,64
20454,2,2
20466,130,130
20478,128,128
20490,2,2
20502,66,66
20514,64,64
20526,2,2
20538,130,130
20550,128,128
20562,2,2
20574,66,66
20586,64,64
20598,2,2
20610,130,130
20622,128,128
20634,2,2
20646,66,66
20658,64,64
20670,2,2
20682,130,130
20694,128,128
20706,2,2
20718,66,66
20730,64,64
20742,2,2
20754,130,130
20766,128,128
20778,2,2
20790,66,66
20802,64,64
20814,2,2
20826,130,130
20838,128,128
20850,2,2
20862,66,66
20874,64,64
20886,2,2
20898,130,130
20910,128,128
20922,2,2
20934,66,66
20946,64,64
20958,2,2
20970,130,130
20982,128,128
20994,2,2
21006,66,66
21018,64,64
21030,2,2
21042,130,130
21054,128,128
21066,2,2
21078,66,66
21090,64,64
21102,2,2
21114,130,130
21126,128,128
21138,2,2
21150,66,66
21162,64,64
21174,2,2
21186,130,130
21198,128,128
21210,2,2
21222,66,66
21234,64,64
21246,2,2
21258,130,130
21270,128,128
21282,2,2
21294,66,66
21306,64,64
21318,2,2
21330,130,130
21342,128,128
21354,2,2
21366,66,66
21378,64,64
21390,2,2
21402,130,130
21414,128,128
21426,2,2
21438,66,66
21450,64,64
21462,2,2
21474,130,130
21486,128,128
21498,2,2
21510,66,66
21522,64,64
21534,2,2
21546,130,130
21558,128,128
21570,2,2
21582,66,66
21594,64,64
21606,2,2
21618,130,130
21630,128,128
21642,2,2
21654,66,66
21666,64,64
21678,2,2
21690,130,130
21702,128,128
21714,2,2
21726,66,66
21738,64,64
21750,2,2
21762,130,130
21774,128,128
21786,2,2
21798,66,66
21810,64,64
21822,2,2
21834,130,130
21846,128,128
21858,2,2
21870,66,66
21882,64,64
21894,2,2
21906,130,130
21918,128,128
21930,2,2
21942,66,66
21954,64,64
21966,2,2
21978,130,130
21990,128,128
22002,2,2
22014,66,66
22026,64,64
22038,2,2
22050,130,130
22062,128,128
22074,2,2
22086,66,66
22098,64,64
22110,2,2
22122,130,130
22134,128,128
22146,2,2
22158,66,66
22170,64,64
22182,2,2
22194,130,130
22206,128,128
22218,2,2
22230,66,66
22242,64,64
22254,2,2
22266,130,130
22278,128,128
22290,2,2
22302,66,66
22314,64,64
22326,2,2
22338,130,130
22350,128,128
22362,2,2
22374,66,66
22386,64,64
22398,2,2
22410,130,130
22422,128,128
22434,2,2
22446,66,66
22458,64,64
22470,2,2
22482,130,130
22494,128,128
22506,2,2
22518,66,66
22530,64,64
22542,2,2
22554,130,130
22566,128,128
22578,2,2
22590,66,66
22602,64,64
22614,2,2
22626,130,130
22638,128,128
22650,2,2
22662,66,66
22674,64,64
22686,2,2
22698,130,130
22710,128,128
22722,2,2
22734,66,66
22746,64,64
22758,2,2
22770,130,130
22782,128,128
22794,2,2
22806,66,66
22818,64,64
22830,2,2
22842,130,130
22854,128,128
22866,2,2
22878,66,66
22890,64,64
22902,2,2
22914,130,130
22926,128,128
22938,2,2
22950,66,66
22962,64,64
22974,2,2
22986,130,130
22998,128,128
23010,2,2
23022,66,66
23034,64,64
23046,2,2
23058,130,130
23070,128,128
23082,2,2
23094,66,66
23106,64,64
23118,2,2
23130,130,130
23142,128,128
23154,2,2
23166,66,66
23178,64,64
23190,2,2
23202,130,130
23214,128,128
23226,2,2
23238,66,66
23250,64,64
23262,2,2
23274,130,130
23286,128,128
23298,2,2
23310,66,66
23322,64,64
23334,2,2
23346,130,130
23358,128,128
23370,2,2
23382,66,66
23394,64,64
23406,2,2
23418,130,130
23430,128,128
23442,2,2
23454,66,66
23466,64,64
23478,2,2
23490,130,130
23502,128,128
23514,2,2
23526,66,66
23538,64,64
23550,2,2
23562,130,130
23574,128,128
23586,2,2
23598,66,66
23610,64,64
23622,2,2
23634,130,130
23646,128,128
23658,2,2
23670,66,66
23682,64,64
23694,2,2
23706,130,130
23718,128,128
23730,2,2
23742,66,66
23754,64,64
23766,2,2
23778,130,130
23790,128,128
23802,2,2
23814,66,66
23826,64,64
23838,2,2
23850,130,130
23862,128,128
23874,2,2
23886,66,66
23898,64,64
23910,2,2
23922,130,130
23934,128,128
23946,2,2
23958,66,66
23970,64,64
23982,2,2
23994,130,130
24006,128,128
24018,2,2
24030,66,66
24042,64,64
24054,2,2
24066,130,130
24078,128,128
24090,2,2
24102,66,66
24114,64,64
24126,2,2
24138,130,130
24150,128,128
24162,2,2
24174,66,66
24186,64,64
24198,2,2
24210,130,130
24222,128,128
24234,2,2
24246,66,66
24258,64,64
24270,2,2
24282,130,130
24294,128,128
24306,2,2
24318,66,66
24330,64,64
24342,2,2
24354,130,130
24366,128,128
24378,2,2
24390,66,66
24402,64,64
24414,2,2
24426,130,130
24438,128,128
24450,2,2
24462,66,66
24474,64,64
24486,2,2
24498,130,130
24510,128,128
24522,2,2
24534,66,66
24546,64,64
24558,2,2
24570,130,130
24582,128,128
24594,2,2
24606,66,66
24618,64,64
24630,2,2
24642,130,130
24654,128,128
24666,2,2
24678,66,66
24690,64,64
24702,2,2
24714,130,130
24726,128,128
24738,2,2
24750,66,66
24762,64,64
24774,2,2
24786,130,130
24798,128,128
24810,2,2
24822,66,66
24834,64,64
24846,2,2
24858,130,130
24870,128,128
24882,2,2
24894,66,66
24906,64,64
24918,2,2
24930,130,130
24942,128,128
24954,2,2
24966,66,66
24978,64,64
24990,2,2
25002,130,130
25014,128,128
25026,2,2
25038,66,66
25050,64,64
25062,2,2
25074,130,130
25086,128,128
25098,2,2
25110,66,66
25122,64,64
25134,2,2
25146,130,130
25158,128,128
25170,2,2
25182,66,66
25194,64,64
25206,2,2
25218,130,130
25230,128,128
25242,2,2
25254,66,66
25266,64,64
25278,2,2
25290,130,130
25302,128,128
25314,2,2
25326,66,66
25338,64,64
25350,2,2
25362,130,130
25374,128,128
25386,2,2
25398,66,66
25410,64,64
25422,2,2
25434,130,130
25446,128,128
25458,2,2
25470,66,66
25482,64,64
25494,2,2
25506,130,130
25518,128,128
25530,2,2
25542,66,66
25554,64,64
25566,2,2
25578,130,130
25590,128,128
25602,2,2
25614,66,66
25626,64,64
25638,2,2
25650,130,130
25662,128,128
25674,2,2
25686,66,66
25698,64,64
25710,2,2
25722,130,130
25734,128,128
25746,2,2
25758,66,66
25770,64,64
25782,2,2
25794,130,130
25806,128,128
25818,2,2
25830,66,66
25842,64,64
25854,2,2
25866,130,130
25878,128,128
25890,2,2
25902,66,66
25914,64,64
25926,2,2
25938,130,130
25950,128,128
25962,2,2
25974,66,66
25986,64,64
25998,2,2
26010,130,130
26022,128,128
26034,2,2
26046,66,66
26058,64,64
26070,2,2
26082,130,130
26094,128,128
26106,2,2
26118,66,66
26130,64,64
26142,2,2
26154,130,130
26166,128,128
26178,2,2
26190,66,66
26202,64,64
26214,2,2
26226,130,130
26238,128,128
26250,2,2
26262,66,66
26274,64,64
26286,2,2
26298,130,130
26310,128,128
26322,2,2
26334,66,66
26346,64,64
26358,2,2
26370,130,130
26382,128,128
26394,2,2
26406,66,66
26418,64,64
26430,2,2
26442,130,130
26454,128,128
26466,2,2
26478,66,66
26490,64,64
26502,2,2
26514,130,130
26526,128,128
26538,2,2
26550,66,66
26562,64,64
26574,2,2
26586,130,130
26598,128,128
26610,2,2
26622,66,66
26634,64,64
26646,2,2
26658,130,130
26670,128,128
26682,2,2
26694,66,66
26706,64,64
26718,2,2
26730,130,130
26742,128,128
26754,2,2
26766,66,66
26778,64,64
26790,2,2
26802,130,130
26814,128,128
26826,2,2
26838,66,66
26850,64,64
26862,2,2
26874,130,130
26886,128,128
26898,2,2
26910,66,66
26922,64,64
26934,2,2
26946,130,130
26958,128,128
26970,2,2
26982,66,66
26994,64,64
27006,2,2
27018,130,130
27030,128,128
27042,2,2
27054,66,66
27066,64,64
27078,2,2
27090,130,130
27102,128,128
27114,2,2
27126,66,66
27138,64,64
27150,2,2
27162,130,130
27174,128,128
27186,2,2
27198,66,66
27210,64,64
27222,2,2
27234,130,130
27246,128,128
27258,2,2
27270,66,66
27282,64,64
27294,2,2
27306,130,130
27318,128,128
27330,2,2
27342,66,66
27354,64,64
27366,2,2
27378,130,130
27390,128,128
27402,2,2
27414,66,66
27426,64,64
27438,2,2
27450,130,130
27462,128,128
27474,2,2
27486,66,66
27498,64,64
27510,2,2
27522,130,130
27534,128,128
27546,2,2
27558,66,66
27570,64,64
27582,2,2
27594,130,130
27606,128,128
27618,2,2
27630,66,66
27642,64,64
27654,2,2
27666,130,130
27678,128,128
27690,2,2
27702,66,66
27714,64,64
27726,2,2
27738,130,130
27750,128,128
27762,2,2
27774,66,66
27786,64,64
27798,2,2
27810,130,130
27822,128,128
27834,2,2
27846,66,66
27858,64,64
27870,2,2
27882,130,130
27894,128,128
27906,2,2
27918,66,66
27930,64,64
27942,2,2
27954,130,130
27966,128,128
27978,2,2
27990,66,66
28002,64,64
28014,2,2
28026,130,130
28038,128,128
28050,2,2
28062,66,66
28074,64,64
28086,2,2
28098,130,130
28110,128,128
28122,2,2
28134,66,66
28146,64,64
28158,2,2
28170,130,130
28182,128,128
28194,2,2
28206,66,66
28218,64,64
28230,2,2
28242,130,130
28254,128,128
28266,2,2
28278,66,66
28290,64,64
28302,2,2
28314,130,130
28326,128,128
28338,2,2
28350,66,66
28362,64,64
28374,2,2
28386,130,130
28398,128,128
28410,2,2
28422,66,66
28434,64,64
28446,2,2
28458,130,130
28470,128,128
28482,2,2
28494,66,66
28506,64,64
28518,2,2
28530,130,130
28542,128,128
28554,2,2
28566,66,66
28578,64,64
28590,2,2
28602,130,130
28614,128,128
28626,2,2
28638,66,66
28650,64,64
28662,2,2
28674,130,130
28686,128,128
28698,2,2
28710,66,66
28722,64,64
28734,2,2
28746,130,130
28758,128,128
28770,2,2
28782,66,66
28794,64,64
28806,2,2
28818,130,130
28830,128,128
28842,2,2
28854,66,66
28866,64,64
28878,2,2
28890,130,130
28902,128,128
28914,2,2
28926,66,66
28938,64,64
28950,2,2
28962,130,130
28974,128,128
28986,2,2
28998,66,66
29010,64,64
29022,2,2
29034,130,130
29046,128,128
29058,2,2
29070,66,66
29082,64,64
29094,2,2
29106,130,130
29118,128,128
29130,2,2
29142,66,66
29154,64,64
29166,2,2
29178,130,130
29190,128,128
29202,2,2
29214,66,66
29226,64,64
29238,2,2
29250,130,130
29262,128,128
29274,2,2
29286,66,66
29298,64,64
29310,2,2
29322,130,130
29334,128,128
29346,2,2
29358,66,66
29370,64,64
29382,2,2
29394,130,130
29406,128,128
29418,2,2
29430,66,66
29442,64,64
29454,2,2
29466,130,130
29478,128,128
29490,2,2
29502,66,66
29514,64,64
29526,2,2
29538,130,130
29550,128,128
29562,2,2
29574,66,66
29586,64,64
29598,2,2
29610,130,130
29622,128,128
29634,2,2
29646,66,66
29658,64,64
29670,2,2
29682,130,130
29694,128,128
29706,2,2
29718,66,66
29730,64,64
29742,2,2
29754,130,130
29766,128,128
29778,2,2
29790,66,66
29802,64,64
29814,2,2
29826,130,130
29838,128,128
29850,2,2
29862,66,66
29874,64,64
29886,2,2
29898,130,130
29910,128,128
29922,2,2
29934,66,66
29946,64,64
29958,2,2
29970,130,130
29982,128,128
29994,2,2
30006,66,66
30018,64,64
30030,2,2
30042,130,130
30054,128,128
30066,2,2
30078,66,66
30090,64,64
30102,2,2
30114,130,130
30126,128,128
30138,2,2
30150,66,66
30162,64,64
30174,2,2
30186,130,130
30198,128,128
30210,2,2
30222,66,66
30234,64,64
30246,2,2
30258,130,130
30270,128,128
30282,2,2
30294,66,66
30306,64,64
30318,2,2
30330,130,130
30342,128,128
30354,2,2
30366,66,66
30378,64,64
30390,2,2
30402,130,130
30414,128,128
30426,2,2
30438,66,66
30450,64,64
30462,2,2
30474,130,130
30486,128,128
30498,2,2
30510,66,66
30522,64,64
30534,2,2
30546,130,130
30558,128,128
30570,2,2
30582,66,66
30594,64,64
30606,2,2
30618,130,130
30630,128,128
30642,2,2
30654,66,66
30666,64,64
30678,2,2
30690,130,130
30702,128,128
30714,2,2
30726,66,66
30738,64,64
30750,2,2
30762,130,130
30774,128,128
30786,2,2
30798,66,66
30810,64,64
30822,2,2
30834,130,130
30846,128,128
30858,2,2
30870,66,66
30882,64,64
30894,2,2
30906,130,130
30918,128,128
30930,2,2
30942,66,66
30954,64,64
30966,2,2
30978,130,130
30990,128,128
31002,2,2
31014,66,66
31026,64,64
31038,2,2
31050,130,130
31062,128,128
31074,2,2
31086,66,66
31098,64,64
31110,2,2
31122,130,130
31134,128,128
31146,2,2
31158,66,66
31170,64,64
31182,2,2
31194,130,130
31206,128,128
31218,2,2
31230,66,66
31242,64,64
31254,2,2
31266,130,130
31278,128,128
31290,2,2
31302,66,66
31314,64,64
31326,2,2
31338,130,130
31350,128,128
31362,2,2
31374,66,66
31386,64,64
31398,2,2
31410,130,130
31422,128,128
31434,2,2
31446,66,66
31458,64,64
31470,2,2
31482,130,130
31494,128,128
31506,2,2
31518,66,66
31530,64,64
31542,2,2
31554,130,130
31566,128,128
31578,2,2
31590,66,66
31602,64,64
31614,2,2
31626,130,130
31638,128,128
31650,2,2
31662,66,66
31674,64,64
31686,2,2
31698,130,130
31710,128,128
31722,2,2
31734,66,66
31746,64,64
31758,2,2
31770,130,130
31782,128,128
31794,2,2
31806,66,66
31818,64,64
31830,2,2
31842,130,130
31854,128,128
31866,2,2
31878,66,66
31890,64,64
31902,2,2
31914,130,130
31926,128,128
31938,2,2
31950,66,66
31962,64,64
31974,2,2
31986,130,130
31998,128,128
32010,2,2
32022,66,66
32034,64,64
32046,2,2
32058,130,130
32070,128,128
32082,2,2
32094,66,66
32106,64,64
32118,2,2
32130,130,130
32142,128,128
32154,2,2
32166,66,66
32178,64,64
32190,2,2
32202,130,130
32214,128,128
32226,2,2
32238,66,66
32250,64,64
32262,2,2
32274,130,130
32286,128,128
32298,2,2
32310,66,66
32322,64,64
32334,2,2
32346,130,130
32358,128,128
32370,2,2
32382,66,66
32394,64,64
32406,2,2
32418,130,130
32430,128,128
32442,2,2
32454,66,66
32466,64,64
32478,2,2
32490,130,130
32502,128,128
32514,2,2
32526,66,66
32538,64,64
32550,2,2
32562,130,130
32574,128,128
32586,2,2
32598,66,66
32610,64,64
32622,2,2
32634,130,130
32646,128,128
32658,2,2
32670,66,66
32682,64,64
32694,2,2
32706,130,130
32718,128,128
32730,2,2
32742,66,66
32754,64,64
32766,2,2
32778,130,130
32790,128,128
32802,2,2
32814,66,66
32826,64,64
32838,2,2
32850,130,130
32862,128,128
32874,2,2
32886,66,66
32898,64,64
32910,2,2
32922,130,130
32934,128,128
32946,2,2
32958,66,66
32970,64,64
32982,2,2
32994,130,130
33006,128,128
33018,2,2
33030,66,66
33042,64,64
33054,2,2
33066,130,130
33078,128,128
33090,2,2
33102,66,66
33114,64,64
33126,2,2
33138,130,130
33150,128,128
33162,2,2
33174,66,66
33186,64,64
33198,2,2
33210,130,130
33222,128,128
33234,2,2
33246,66,66
33258,64,64
33270,2,2
33282,130,130
33294,128,128
33306,2,2
33318,66,66
33330,64,64
33342,2,2
33354,130,130
33366,128,128
33378,2,2
33390,66,66
33402,64,64
33414,2,2
33426,130,130
33438,128,128
33450,2,2
33462,66,66
33474,64,64
33486,2,2
33498,130,130
33510,128,128
33522,2,2
33534,66,66
33546,64,64
33558,2,2
33570,130,130
33582,128,128
33594,2,2
33606,66,66
33618,64,64
33630,2,2
33642,130,130
33654,128,128
33666,2,2
33678,66,66
33690,64,64
33702,2,2
33714,130,130
33726,128,128
33738,2,2
33750,66,66
33762,64,64
33774,2,2
33786,130,130
33798,128,128
33810,2,2
33822,66,66
33834,64,64
33846,2,2
33858,130,130
33870,128,128
33882,2,2
33894,66,66
33906,64,64
33918,2,2
33930,130,130
33942,128,128
33954,2,2
33966,66,66
33978,64,64
33990,2,2
34002,130,130
34014,128,128
34026,2,2
34038,66,66
34050,64,64
34062,2,2
34074,130,130
34086,128,128
34098,2,2
34110,66,66
34122,64,64
34134,2,2
34146,130,130
34158,128,128
34170,2,2
34182,66,66
34194,64,64
34206,2,2
34218,130,130
34230,128,128
34242,2,2
34254,66,66
34266,64,64
34278,2,2
34290,130,130
34302,128,128
34314,2,2
34326,66,66
34338,64,64
34350,2,2
34362,130,130
34374,128,128
34386,2,2
34398,66,66
34410,64,64
34422,2,2
34434,130,130
34446,128,128
34458,2,2
34470,66,66
34482,64,64
34494,2,2
34506,130,130
34518,128,128
34530,2,2
34542,66,66
34554,64,64
34566,2,2
34578,130,130
34590,128,128
34602,2,2
34614,66,66
34626,64,64
34638,2,2
34650,130,130
34662,128,128
34674,2,2
34686,66,66
34698,64,64
34710,2,2
34722,130,130
34734,128,128
34746,2,2
34758,66,66
34770,64,64
34782,2,2
34794,130,130
34806,128,128
34818,2,2
34830,66,66
34842,64,64
34854,2,2
34866,130,130
34878,128,128
34890,2,2
34902,66,66
34914,64,64
34926,2,2
34938,130,130
34950,128,128
34962,2,2
34974,66,66
34986,64,64
34998,2,2
35010,130,130
35022,128,128
35034,2,2
35046,66,66
35058,64,64
35070,2,2
35082,130,130
35094,128,128
35106,2,2
35118,66,66
35130,64,64
35142,2,2
35154,130,130
35166,128,128
35178,2,2
35190,66,66
35202,64,64
35214,2,2
35226,130,130
35238,128,128
35250,2,2
35262,66,66
35274,64,64
35286,2,2
35298,130,130
35310,128,128
35322,2,2
35334,66,66
35346,64,64
35358,2,2
35370,130,130
35382,128,128
35394,2,2
35406,66,66
35418,64,64
35430,2,2
35442,130,130
35454,128,128
35466,2,2
35478,66,66
35490,64,64
35502,2,2
35514,130,130
35526,128,128
35538,2,2
35550,66,66
35562,64,64
35574,2,2
35586,130,130
35598,128,128
35610,2,2
35622,66,66
35634,64,64
35646,2,2
35658,130,130
35670,128,128
35682,2,2
35694,66,66
35706,64,64
35718,2,2
35730,130,130
35742,128,128
35754,2,2
35766,66,66
35778,64,64
35790,2,2
35802,130,130
35814,128,128
35826,2,2
35838,66,66
35850,64,64
35862,2,2
35874,130,130
35886,128,128
35898,2,2
35910,66,66
35922,64,64
35934,2,2
35946,130,130
35958,128,128
35970,2,2
35982,66,66
35994,64,64
36006,2,2
36018,130,130
36030,128,128
36042,2,2
36054,66,66
36066,64,64
36078,2,2
36090,130,130
36102,128,128
36114,2,2
36126,66,66
36138,64,64
36150,2,2
36162,130,130
36174,128,128
36186,2,2
36198,66,66
36210,64,64
36222,2,2
36234,130,130
36246,128,128
36258,2,2
36270,66,66
36282,64,64
36294,2,2
36306,130,130
36318,128,128
36330,2,2
36342,66,66
36354,64,64
36366,2,2
36378,130,130
36390,128,128
36402,2,2
36414,66,66
36426,64,64
36438,2,2
36450,130,130
36462,128,128
36474,2,2
36486,66,66
36498,64,64
36510,2,2
36522,130,130
36534,128,128
36546,2,2
36558,66,66
36570,64,64
36582,2,2
36594,130,130
36606,128,128
36618,2,2
36630,66,66
36642,64,64
36654,2,2
36666,130,130
36678,128,128
36690,2,2
36702,66,66
36714,64,64
36726,2,2
36738,130,130
36750,128,128
36762,2,2
36774,66,66
36786,64,64
36798,2,2
36810,130,130
36822,128,128
36834,2,2
36846,66,66
36858,64,64
36870,2,2
36882,130,130
36894,128,128
36906,2,2
36918,66,66
36930,64,64
36942,2,2
36954,130,130
36966,128,128
36978,2,2
36990,66,66
37002,64,64
37014,2,2
37026,130,130
37038,128,128
37050,2,2
37062,66,66
37074,64,64
37086,2,2
37098,130,130
37110,128,128
37122,2,2
37134,66,66
37146,64,64
37158,2,2
37170,130,130
37182,128,128
37194,2,2
37206,66,66
37218,64,64
37230,2,2
37242,130,130
37254,128,128
37266,2,2
37278,66,66
37290,64,64
37302,2,2
37314,130,130
37326,128,128
37338,2,2
37350,66,66
37362,64,64
37374,2,2
37386,130,130
37398,128,128
37410,2,2
37422,66,66
37434,64,64
37446,2,2
37458,130,130
37470,128,128
37482,2,2
37494,66,66
37506,64,64
37518,2,2
37530,130,130
37542,128,128
37554,2,2
37566,66,66
37578,64,64
37590,2,2
37602,130,130
37614,128,128
37626,2,2
37638,66,66
37650,64,64
37662,2,2
37674,130,130
37686,128,128
37698,2,2
37710,66,66
37722,64,64
37734,2,2
37746,130,130
37758,128,128
37770,2,2
37782,66,66
37794,64,64
37806,2,2
37818,130,130
37830,128,128
37842,2,2
37854,66,66
37866,64,64
37878,2,2
37890,130,130
37902,128,128
37914,2,2
37926,66,66
37938,64,64
37950,2,2
37962,130,130
37974,128,128
37986,2,2
37998,66,66
38010,64,64
38022,2,2
38034,130,130
38046,128,128
38058,2,2
38070,66,66
38082,64,64
38094,2,2
38106,130,130
38118,128,128
38130,2,2
38142,66,66
38154,64,64
38166,2,2
38178,130,130
38190,128,128
38202,2,2
38214,66,66
38226,64,64
38238,2,2
38250,130,130
38262,128,128
38274,2,2
38286,66,66
38298,64,64
38310,2,2
38322,130,130
38334,128,128
38346,2,2
38358,66,66
38370,64,64
38382,2,2
38394,130,130
38406,128,128
38418,2,2
38430,66,66
38442,64,64
38454,2,2
38466,130,130
38478,128,128
38490,2,2
38502,66,66
38514,64,64
38526,2,2
38538,130,130
38550,128,128
38562,2,2
38574,66,66
38586,64,64
38598,2,2
38610,130,130
38622,128,128
38634,2,2
38646,66,66
38658,64,64
38670,2,2
38682,130,130
38694,128,128
38706,2,2
38718,66,66
38730,64,64
38742,2,2
38754,130,130
38766,128,128
38778,2,2
38790,66,66
38802,64,64
38814,2,2
38826,130,130
38838,128,128
38850,2,2
38862,66,66
38874,64,64
38886,2,2
38898,130,130
38910,128,128
38922,2,2
38934,66,66
38946,64,64
38958,2,2
38970,130,130
38982,128,128
38994,2,2
39006,66,66
39018,64,64
39030,2,2
39042,130,130
39054,128,128
39066,2,2
39078,66,66
39090,64,64
39102,2,2
39114,130,130
39126,128,128
39138,2,2
39150,66,66
39162,64,64
39174,2,2
39186,130,130
39198,128,128
39210,2,2
39222,66,66
39234,64,64
39246,2,2
39258,130,130
39270,128,128
39282,2,2
39294,66,66
39306,64,64
39318,2,2
39330,130,130
39342,128,128
39354,2,2
39366,66,66
39378,64,64
39390,2,2
39402,130,130
39414,128,128
39426,2,2
39438,66,66
39450,64,64
39462,2,2
39474,130,130
39486,128,128
39498,2,2
39510,66,66
39522,64,64
39534,2,2
39546,130,130
39558,128,128
39570,2,2
39582,66,66
39594,64,64
39606,2,2
39618,130,130
39630,128,128
39642,2,2
39654,66,66
39666,64,64
39678,2,2
39690,130,130
39702,128,128
39714,2,2
39726,66,66
39738,64,64
39750,2,2
39762,130,130
39774,128,128
39786,2,2
39798,66,66
39810,64,64
39822,2,2
39834,130,130
39846,128,128
39858,2,2
39870,66,66
39882,64,64
39894,2,2
39906,130,130
39918,128,128
39930,2,2
39942,66,66
39954,64,64
39966,2,2
39978,130,130
39990,128,128
